FILE	SCHEME	ST	STATUS	SCORE	ALLELES
25ARS-APM0080-20260323A.fna	ecoli_achtman_4	8346	PERFECT	100	adk(6);fumC(30);gyrB(32);icd(16);mdh(643);purA(8);recA(7)
25ARS-APM0099-20260323A.fna	ecoli_achtman_4	405	PERFECT	100	adk(35);fumC(37);gyrB(29);icd(25);mdh(4);purA(5);recA(73)
25ARS-APM0100-20260323A.fna	ecoli_achtman_4	167	PERFECT	100	adk(10);fumC(11);gyrB(4);icd(8);mdh(8);purA(13);recA(2)
25ARS-APM0101-20260323P.fna	ecoli_achtman_4	410	PERFECT	100	adk(6);fumC(4);gyrB(12);icd(1);mdh(20);purA(18);recA(7)
25ARS-APM0102-20260323P.fna	ecoli_achtman_4	8346	PERFECT	100	adk(6);fumC(30);gyrB(32);icd(16);mdh(643);purA(8);recA(7)
25ARS-APM0103-20260323P.fna	ecoli_achtman_4	361	PERFECT	100	adk(10);fumC(99);gyrB(5);icd(91);mdh(8);purA(7);recA(2)
25ARS-APM0104-20260323P.fna	ecoli_achtman_4	167	PERFECT	100	adk(10);fumC(11);gyrB(4);icd(8);mdh(8);purA(13);recA(2)
25ARS-APM0150-20260316P.fna	ecoli_achtman_4	8346	PERFECT	100	adk(6);fumC(30);gyrB(32);icd(16);mdh(643);purA(8);recA(7)
25ARS-APM0152-20260316P.fna	ecoli_achtman_4	361	PERFECT	100	adk(10);fumC(99);gyrB(5);icd(91);mdh(8);purA(7);recA(2)
25ARS-APM0242-20260316A.fna	ecoli_achtman_4	8346	PERFECT	100	adk(6);fumC(30);gyrB(32);icd(16);mdh(643);purA(8);recA(7)
25ARS-BRH0138-20260316A.fna	ecoli_achtman_4	8346	PERFECT	100	adk(6);fumC(30);gyrB(32);icd(16);mdh(643);purA(8);recA(7)
25ARS-BRH0141-20260316A.fna	ecoli_achtman_4	448	PERFECT	100	adk(6);fumC(6);gyrB(5);icd(16);mdh(11);purA(8);recA(7)
25ARS-BRT0013-20250905P.fna	ecoli_achtman_4	167	PERFECT	100	adk(10);fumC(11);gyrB(4);icd(8);mdh(8);purA(13);recA(2)
25ARS-BRT0026-20251001P.fna	ecoli_achtman_4	167	PERFECT	100	adk(10);fumC(11);gyrB(4);icd(8);mdh(8);purA(13);recA(2)
25ARS-BRT0028-20251001P.fna	ecoli_achtman_4	167	PERFECT	100	adk(10);fumC(11);gyrB(4);icd(8);mdh(8);purA(13);recA(2)
25ARS-BRT0042-20250916P.fna	ecoli_achtman_4	410	PERFECT	100	adk(6);fumC(4);gyrB(12);icd(1);mdh(20);purA(18);recA(7)
25ARS-BRT0043-20250916P.fna	ecoli_achtman_4	156	PERFECT	100	adk(6);fumC(29);gyrB(32);icd(16);mdh(11);purA(8);recA(44)
25ARS-BRT0044-20251001A.fna	ecoli_achtman_4	410	PERFECT	100	adk(6);fumC(4);gyrB(12);icd(1);mdh(20);purA(18);recA(7)
25ARS-BRT0065-20260323P.fna	ecoli_achtman_4	2851	PERFECT	100	adk(6);fumC(4);gyrB(12);icd(1);mdh(20);purA(18);recA(6)
25ARS-BRT0066-20260323P.fna	ecoli_achtman_4	167	PERFECT	100	adk(10);fumC(11);gyrB(4);icd(8);mdh(8);purA(13);recA(2)
25ARS-BRT0068-20260323P.fna	ecoli_achtman_4	2851	PERFECT	100	adk(6);fumC(4);gyrB(12);icd(1);mdh(20);purA(18);recA(6)
25ARS-BRT0140-20260316P.fna	ecoli_achtman_4	2851	PERFECT	100	adk(6);fumC(4);gyrB(12);icd(1);mdh(20);purA(18);recA(6)
25ARS-BRT0141-20260316P.fna	ecoli_achtman_4	-	OK	86	adk(37);fumC(38);gyrB(~19);icd(37);mdh(17);purA(11);recA(26)
25ARS-CMC0014-20250903P.fna	ecoli_achtman_4	8346	PERFECT	100	adk(6);fumC(30);gyrB(32);icd(16);mdh(643);purA(8);recA(7)
25ARS-CMC0015-20250903P.fna	ecoli_achtman_4	8346	PERFECT	100	adk(6);fumC(30);gyrB(32);icd(16);mdh(643);purA(8);recA(7)
25ARS-CMC0022-20260330A.fna	ecoli_achtman_4	8346	PERFECT	100	adk(6);fumC(30);gyrB(32);icd(16);mdh(643);purA(8);recA(7)
25ARS-CMC0048-20251001P.fna	ecoli_achtman_4	3640	PERFECT	100	adk(6);fumC(23);gyrB(3);icd(16);mdh(9);purA(8);recA(6)
25ARS-CMC0056-20250905P.fna	ecoli_achtman_4	8346	PERFECT	100	adk(6);fumC(30);gyrB(32);icd(16);mdh(643);purA(8);recA(7)
25ARS-CMC0061-20250911P.fna	ecoli_achtman_4	8346	PERFECT	100	adk(6);fumC(30);gyrB(32);icd(16);mdh(643);purA(8);recA(7)
25ARS-CMC0062-20250911P.fna	ecoli_achtman_4	361	PERFECT	100	adk(10);fumC(99);gyrB(5);icd(91);mdh(8);purA(7);recA(2)
25ARS-CMC0063-20250911P.fna	ecoli_achtman_4	410	PERFECT	100	adk(6);fumC(4);gyrB(12);icd(1);mdh(20);purA(18);recA(7)
25ARS-CRH0011-20250801P.fna	ecoli_achtman_4	361	PERFECT	100	adk(10);fumC(99);gyrB(5);icd(91);mdh(8);purA(7);recA(2)
25ARS-CRH0012-20250801P.fna	ecoli_achtman_4	410	PERFECT	100	adk(6);fumC(4);gyrB(12);icd(1);mdh(20);purA(18);recA(7)
25ARS-CRH0013-20250801P.fna	ecoli_achtman_4	448	PERFECT	100	adk(6);fumC(6);gyrB(5);icd(16);mdh(11);purA(8);recA(7)
25ARS-CRH0021-20251001P.fna	ecoli_achtman_4	361	PERFECT	100	adk(10);fumC(99);gyrB(5);icd(91);mdh(8);purA(7);recA(2)
25ARS-CRH0028-20250807P.fna	ecoli_achtman_4	95	PERFECT	100	adk(37);fumC(38);gyrB(19);icd(37);mdh(17);purA(11);recA(26)
25ARS-CRH0029-20250807P.fna	ecoli_achtman_4	361	PERFECT	100	adk(10);fumC(99);gyrB(5);icd(91);mdh(8);purA(7);recA(2)
25ARS-CRH0030-20250807P.fna	ecoli_achtman_4	410	PERFECT	100	adk(6);fumC(4);gyrB(12);icd(1);mdh(20);purA(18);recA(7)
25ARS-CRH0039-20260323P.fna	ecoli_achtman_4	410	PERFECT	100	adk(6);fumC(4);gyrB(12);icd(1);mdh(20);purA(18);recA(7)
25ARS-CRH0054-20260316P.fna	ecoli_achtman_4	2083	PERFECT	100	adk(6);fumC(322);gyrB(5);icd(16);mdh(11);purA(8);recA(7)
25ARS-CVM0112-20260323P.fna	ecoli_achtman_4	410	PERFECT	100	adk(6);fumC(4);gyrB(12);icd(1);mdh(20);purA(18);recA(7)
25ARS-DMC0027-20250708A.fna	ecoli_achtman_4	-	NOVEL	90	adk(10);fumC(11);gyrB(4);icd(8);mdh(8);purA(572);recA(7)
25ARS-DMC0028-20250704P.fna	ecoli_achtman_4	410	PERFECT	100	adk(6);fumC(4);gyrB(12);icd(1);mdh(20);purA(18);recA(7)
25ARS-DMC0029-20250704P.fna	ecoli_achtman_4	405	PERFECT	100	adk(35);fumC(37);gyrB(29);icd(25);mdh(4);purA(5);recA(73)
25ARS-DMC0030-20250708A.fna	ecoli_achtman_4	2083	PERFECT	100	adk(6);fumC(322);gyrB(5);icd(16);mdh(11);purA(8);recA(7)
25ARS-DMC0031-20250704P.fna	ecoli_achtman_4	3580	PERFECT	100	adk(6);fumC(65);gyrB(344);icd(1);mdh(11);purA(13);recA(6)
25ARS-DMC0053-20250801A.fna	ecoli_achtman_4	410	PERFECT	100	adk(6);fumC(4);gyrB(12);icd(1);mdh(20);purA(18);recA(7)
25ARS-DMC0056-20250801A.fna	ecoli_achtman_4	410	PERFECT	100	adk(6);fumC(4);gyrB(12);icd(1);mdh(20);purA(18);recA(7)
25ARS-DMC0057-20250801A.fna	ecoli_achtman_4	2083	PERFECT	100	adk(6);fumC(322);gyrB(5);icd(16);mdh(11);purA(8);recA(7)
25ARS-DMC0058-20250801A.fna	ecoli_achtman_4	410	PERFECT	100	adk(6);fumC(4);gyrB(12);icd(1);mdh(20);purA(18);recA(7)
25ARS-DMC0061-20250801A.fna	ecoli_achtman_4	2772	PERFECT	100	adk(6);fumC(6);gyrB(3);icd(26);mdh(7);purA(8);recA(6)
25ARS-DMC0062-20250801A.fna	ecoli_achtman_4	2772	PERFECT	100	adk(6);fumC(6);gyrB(3);icd(26);mdh(7);purA(8);recA(6)
25ARS-DMC0063-20250801A.fna	ecoli_achtman_4	410	PERFECT	100	adk(6);fumC(4);gyrB(12);icd(1);mdh(20);purA(18);recA(7)
25ARS-DMC0096-20260401P.fna	ecoli_achtman_4	-	OK	86	adk(4);fumC(26);gyrB(2);icd(312);mdh(~1513);purA(8);recA(19)
25ARS-DMC0098-20260401P.fna	ecoli_achtman_4	410	PERFECT	100	adk(6);fumC(4);gyrB(12);icd(1);mdh(20);purA(18);recA(7)
25ARS-DMC0103-20260401P.fna	ecoli_achtman_4	-	OK	86	adk(4);fumC(26);gyrB(2);icd(312);mdh(~1513);purA(8);recA(19)
25ARS-DMC0150-20251023P.fna	ecoli_achtman_4	410	PERFECT	100	adk(6);fumC(4);gyrB(12);icd(1);mdh(20);purA(18);recA(7)
25ARS-DMC0151-20251001A.fna	ecoli_achtman_4	44	PERFECT	100	adk(10);fumC(11);gyrB(4);icd(8);mdh(8);purA(8);recA(7)
25ARS-DMC0152-20251001A.fna	ecoli_achtman_4	410	PERFECT	100	adk(6);fumC(4);gyrB(12);icd(1);mdh(20);purA(18);recA(7)
25ARS-DMC0201-20260323A.fna	ecoli_achtman_4	448	PERFECT	100	adk(6);fumC(6);gyrB(5);icd(16);mdh(11);purA(8);recA(7)
25ARS-DMC0262-20260323A.fna	ecoli_achtman_4	410	PERFECT	100	adk(6);fumC(4);gyrB(12);icd(1);mdh(20);purA(18);recA(7)
25ARS-DMC0264-20260323A.fna	ecoli_achtman_4	-	OK	86	adk(4);fumC(26);gyrB(2);icd(312);mdh(~1513);purA(8);recA(19)
25ARS-DMC0303-20260316A.fna	ecoli_achtman_4	410	PERFECT	100	adk(6);fumC(4);gyrB(12);icd(1);mdh(20);purA(18);recA(7)
25ARS-DMC0304-20260316A.fna	ecoli_achtman_4	361	PERFECT	100	adk(10);fumC(99);gyrB(5);icd(91);mdh(8);purA(7);recA(2)
25ARS-DMC0305-20260316A.fna	ecoli_achtman_4	361	PERFECT	100	adk(10);fumC(99);gyrB(5);icd(91);mdh(8);purA(7);recA(2)
25ARS-DMC0306-20260316P.fna	ecoli_achtman_4	410	PERFECT	100	adk(6);fumC(4);gyrB(12);icd(1);mdh(20);purA(18);recA(7)
25ARS-DMC0307-20260316A.fna	ecoli_achtman_4	410	PERFECT	100	adk(6);fumC(4);gyrB(12);icd(1);mdh(20);purA(18);recA(7)
25ARS-DMC0308-20260316A.fna	ecoli_achtman_4	-	NOVEL	90	adk(6);fumC(4);gyrB(12);icd(1633);mdh(20);purA(18);recA(7)
25ARS-DMC0309-20260316A.fna	ecoli_achtman_4	410	PERFECT	100	adk(6);fumC(4);gyrB(12);icd(1);mdh(20);purA(18);recA(7)
25ARS-DMC0310-20260316P.fna	ecoli_achtman_4	361	PERFECT	100	adk(10);fumC(99);gyrB(5);icd(91);mdh(8);purA(7);recA(2)
25ARS-DMC0312-20260316A.fna	ecoli_achtman_4	-	NOVEL	90	adk(6);fumC(4);gyrB(12);icd(1633);mdh(20);purA(18);recA(7)
25ARS-EVR0071-20260316P.fna	ecoli_achtman_4	8346	PERFECT	100	adk(6);fumC(30);gyrB(32);icd(16);mdh(643);purA(8);recA(7)
25ARS-GMH0004-20250704P.fna	ecoli_achtman_4	448	PERFECT	100	adk(6);fumC(6);gyrB(5);icd(16);mdh(11);purA(8);recA(7)
25ARS-GMH0005-20250704P.fna	ecoli_achtman_4	448	PERFECT	100	adk(6);fumC(6);gyrB(5);icd(16);mdh(11);purA(8);recA(7)
25ARS-GMH0020-20260330A.fna	ecoli_achtman_4	167	PERFECT	100	adk(10);fumC(11);gyrB(4);icd(8);mdh(8);purA(13);recA(2)
25ARS-GMH0021-20260401P.fna	ecoli_achtman_4	361	PERFECT	100	adk(10);fumC(99);gyrB(5);icd(91);mdh(8);purA(7);recA(2)
25ARS-GMH0030-20250916P.fna	ecoli_achtman_4	448	PERFECT	100	adk(6);fumC(6);gyrB(5);icd(16);mdh(11);purA(8);recA(7)
25ARS-GMH0035-20260323A.fna	ecoli_achtman_4	167	PERFECT	100	adk(10);fumC(11);gyrB(4);icd(8);mdh(8);purA(13);recA(2)
25ARS-GMH0036-20260323A.fna	ecoli_achtman_4	361	PERFECT	100	adk(10);fumC(99);gyrB(5);icd(91);mdh(8);purA(7);recA(2)
25ARS-GMH0061-20260316P.fna	ecoli_achtman_4	448	PERFECT	100	adk(6);fumC(6);gyrB(5);icd(16);mdh(11);purA(8);recA(7)
25ARS-GMH0062-20260316P.fna	ecoli_achtman_4	410	PERFECT	100	adk(6);fumC(4);gyrB(12);icd(1);mdh(20);purA(18);recA(7)
25ARS-JLM0037-20250916P.fna	ecoli_achtman_4	410	PERFECT	100	adk(6);fumC(4);gyrB(12);icd(1);mdh(20);purA(18);recA(7)
25ARS-JLM0046-20250916P.fna	ecoli_achtman_4	2083	PERFECT	100	adk(6);fumC(322);gyrB(5);icd(16);mdh(11);purA(8);recA(7)
25ARS-JLM0063-20260323A.fna	ecoli_achtman_4	646	PERFECT	100	adk(13);fumC(96);gyrB(121);icd(13);mdh(17);purA(11);recA(10)
25ARS-JLM0100-20260316P.fna	ecoli_achtman_4	8346	PERFECT	100	adk(6);fumC(30);gyrB(32);icd(16);mdh(643);purA(8);recA(7)
25ARS-MAR0012-20250704P.fna	ecoli_achtman_4	224	PERFECT	100	adk(6);fumC(4);gyrB(33);icd(16);mdh(11);purA(8);recA(6)
25ARS-MAR0019-20250903P.fna	ecoli_achtman_4	361	PERFECT	100	adk(10);fumC(99);gyrB(5);icd(91);mdh(8);purA(7);recA(2)
25ARS-MAR0047-20260330A.fna	ecoli_achtman_4	361	PERFECT	100	adk(10);fumC(99);gyrB(5);icd(91);mdh(8);purA(7);recA(2)
25ARS-MAR0090-20260323P.fna	ecoli_achtman_4	117	PERFECT	100	adk(20);fumC(45);gyrB(41);icd(43);mdh(5);purA(32);recA(2)
25ARS-MAR0094-20260323P.fna	ecoli_achtman_4	361	PERFECT	100	adk(10);fumC(99);gyrB(5);icd(91);mdh(8);purA(7);recA(2)
25ARS-MAR0095-20260323P.fna	ecoli_achtman_4	117	PERFECT	100	adk(20);fumC(45);gyrB(41);icd(43);mdh(5);purA(32);recA(2)
25ARS-MAR0159-20260316P.fna	ecoli_achtman_4	410	PERFECT	100	adk(6);fumC(4);gyrB(12);icd(1);mdh(20);purA(18);recA(7)
25ARS-MAR0160-20260316P.fna	ecoli_achtman_4	2851	PERFECT	100	adk(6);fumC(4);gyrB(12);icd(1);mdh(20);purA(18);recA(6)
25ARS-MMH0015-20250801A.fna	ecoli_achtman_4	1193	PERFECT	100	adk(14);fumC(14);gyrB(10);icd(200);mdh(17);purA(7);recA(10)
25ARS-MMH0026-20250807P.fna	ecoli_achtman_4	410	PERFECT	100	adk(6);fumC(4);gyrB(12);icd(1);mdh(20);purA(18);recA(7)
25ARS-NMC0009-20251001P.fna	ecoli_achtman_4	361	PERFECT	100	adk(10);fumC(99);gyrB(5);icd(91);mdh(8);purA(7);recA(2)
25ARS-NMC0010-20250903P.fna	ecoli_achtman_4	361	PERFECT	100	adk(10);fumC(99);gyrB(5);icd(91);mdh(8);purA(7);recA(2)
25ARS-NMC0082-20260323P.fna	ecoli_achtman_4	361	PERFECT	100	adk(10);fumC(99);gyrB(5);icd(91);mdh(8);purA(7);recA(2)
25ARS-PGH0033-20260323A.fna	ecoli_achtman_4	361	PERFECT	100	adk(10);fumC(99);gyrB(5);icd(91);mdh(8);purA(7);recA(2)
25ARS-PGH0035-20260323A.fna	ecoli_achtman_4	361	PERFECT	100	adk(10);fumC(99);gyrB(5);icd(91);mdh(8);purA(7);recA(2)
25ARS-RMC0020-20260316P.fna	ecoli_achtman_4	167	PERFECT	100	adk(10);fumC(11);gyrB(4);icd(8);mdh(8);purA(13);recA(2)
25ARS-RTH0006-20260323A.fna	ecoli_achtman_4	410	PERFECT	100	adk(6);fumC(4);gyrB(12);icd(1);mdh(20);purA(18);recA(7)
25ARS-VSM0010-20250903P.fna	ecoli_achtman_4	88	PERFECT	100	adk(6);fumC(4);gyrB(12);icd(1);mdh(20);purA(12);recA(7)
25ARS-VSM0011-20250905P.fna	ecoli_achtman_4	410	PERFECT	100	adk(6);fumC(4);gyrB(12);icd(1);mdh(20);purA(18);recA(7)
25ARS-VSM0012-20250905P.fna	ecoli_achtman_4	448	PERFECT	100	adk(6);fumC(6);gyrB(5);icd(16);mdh(11);purA(8);recA(7)
25ARS-VSM0015-20250905P.fna	ecoli_achtman_4	8346	PERFECT	100	adk(6);fumC(30);gyrB(32);icd(16);mdh(643);purA(8);recA(7)
25ARS-VSM0018-20250905P.fna	ecoli_achtman_4	2083	PERFECT	100	adk(6);fumC(322);gyrB(5);icd(16);mdh(11);purA(8);recA(7)
25ARS-VSM0035-20250801A.fna	ecoli_achtman_4	1193	PERFECT	100	adk(14);fumC(14);gyrB(10);icd(200);mdh(17);purA(7);recA(10)
25ARS-VSM0038-20250801A.fna	ecoli_achtman_4	410	PERFECT	100	adk(6);fumC(4);gyrB(12);icd(1);mdh(20);purA(18);recA(7)
25ARS-VSM0072-20260330A.fna	ecoli_achtman_4	410	PERFECT	100	adk(6);fumC(4);gyrB(12);icd(1);mdh(20);purA(18);recA(7)
25ARS-VSM0073-20260204A.fna	ecoli_achtman_4	354	PERFECT	100	adk(85);fumC(88);gyrB(78);icd(29);mdh(59);purA(58);recA(62)
25ARS-VSM0114-20250916P.fna	ecoli_achtman_4	1193	PERFECT	100	adk(14);fumC(14);gyrB(10);icd(200);mdh(17);purA(7);recA(10)
25ARS-VSM0115-20250916P.fna	ecoli_achtman_4	410	PERFECT	100	adk(6);fumC(4);gyrB(12);icd(1);mdh(20);purA(18);recA(7)
25ARS-VSM0119-20250916P.fna	ecoli_achtman_4	361	PERFECT	100	adk(10);fumC(99);gyrB(5);icd(91);mdh(8);purA(7);recA(2)
25ARS-VSM0120-20250916P.fna	ecoli_achtman_4	361	PERFECT	100	adk(10);fumC(99);gyrB(5);icd(91);mdh(8);purA(7);recA(2)
25ARS-VSM0121-20260323A.fna	ecoli_achtman_4	1722	PERFECT	100	adk(101);fumC(4);gyrB(97);icd(29);mdh(70);purA(158);recA(2)
25ARS-VSM0122-20260330A.fna	ecoli_achtman_4	8346	PERFECT	100	adk(6);fumC(30);gyrB(32);icd(16);mdh(643);purA(8);recA(7)
25ARS-VSM0159-20260323A.fna	ecoli_achtman_4	448	PERFECT	100	adk(6);fumC(6);gyrB(5);icd(16);mdh(11);purA(8);recA(7)
25ARS-VSM0160-20260323A.fna	ecoli_achtman_4	2279	PERFECT	100	adk(53);fumC(40);gyrB(47);icd(13);mdh(36);purA(8);recA(29)
25ARS-VSM0161-20260323A.fna	ecoli_achtman_4	448	PERFECT	100	adk(6);fumC(6);gyrB(5);icd(16);mdh(11);purA(8);recA(7)
25ARS-VSM0188-20260323P.fna	ecoli_achtman_4	15639	PERFECT	100	adk(10);fumC(11);gyrB(1356);icd(8);mdh(8);purA(8);recA(2)
25ARS-VSM0191-20260323P.fna	ecoli_achtman_4	349	PERFECT	100	adk(34);fumC(36);gyrB(39);icd(87);mdh(67);purA(16);recA(4)
25ARS-VSM0192-20260323P.fna	ecoli_achtman_4	410	PERFECT	100	adk(6);fumC(4);gyrB(12);icd(1);mdh(20);purA(18);recA(7)
25ARS-VSM0193-20260323P.fna	ecoli_achtman_4	349	PERFECT	100	adk(34);fumC(36);gyrB(39);icd(87);mdh(67);purA(16);recA(4)
25ARS-VSM0195-20251217P.fna	ecoli_achtman_4	167	PERFECT	100	adk(10);fumC(11);gyrB(4);icd(8);mdh(8);purA(13);recA(2)
25ARS-VSM0196-20260323P.fna	ecoli_achtman_4	361	PERFECT	100	adk(10);fumC(99);gyrB(5);icd(91);mdh(8);purA(7);recA(2)
25ARS-VSM0353-20260316A.fna	ecoli_achtman_4	69	PERFECT	100	adk(21);fumC(35);gyrB(27);icd(6);mdh(5);purA(5);recA(4)
25ARS-VSM0354-20260316A.fna	ecoli_achtman_4	361	PERFECT	100	adk(10);fumC(99);gyrB(5);icd(91);mdh(8);purA(7);recA(2)
25ARS-VSM0356-20260316A.fna	ecoli_achtman_4	361	PERFECT	100	adk(10);fumC(99);gyrB(5);icd(91);mdh(8);purA(7);recA(2)
25ARS-VSM0400-20260318P.fna	ecoli_achtman_4	448	PERFECT	100	adk(6);fumC(6);gyrB(5);icd(16);mdh(11);purA(8);recA(7)
25ARS-VSM0402-20260316P.fna	ecoli_achtman_4	448	PERFECT	100	adk(6);fumC(6);gyrB(5);icd(16);mdh(11);purA(8);recA(7)
25ARS-VSM0403-20260316A.fna	ecoli_achtman_4	410	PERFECT	100	adk(6);fumC(4);gyrB(12);icd(1);mdh(20);purA(18);recA(7)
25ARS-VSM0404-20260316P.fna	ecoli_achtman_4	167	PERFECT	100	adk(10);fumC(11);gyrB(4);icd(8);mdh(8);purA(13);recA(2)
25ARS-VSM0405-20260316P.fna	ecoli_achtman_4	361	PERFECT	100	adk(10);fumC(99);gyrB(5);icd(91);mdh(8);purA(7);recA(2)
25ARS-VSM0407-20260316A.fna	ecoli_achtman_4	410	PERFECT	100	adk(6);fumC(4);gyrB(12);icd(1);mdh(20);purA(18);recA(7)
25ARS-ZMC0049-20260316P.fna	ecoli_achtman_4	8346	PERFECT	100	adk(6);fumC(30);gyrB(32);icd(16);mdh(643);purA(8);recA(7)
25ARS-ZMC0050-20260316A.fna	ecoli_achtman_4	410	PERFECT	100	adk(6);fumC(4);gyrB(12);icd(1);mdh(20);purA(18);recA(7)
